Timmings,Conlin,Jude,Smeeton,Gubbins,Lead,Jeanes,Cummings,Selden,Newton,Clavering,Ching,Quinton,Boulding,Cuckson,Weyman,Fillingham,Merrills,Tackley,Hallett,Kings,Pibbles,Follows,Sidey,Lanigan,Allmond,Bendals,Samuels,Atfield,Sympson,Broughton,Housley,Kneller,Birchell,Mobbs,Wardell,Mollyneux,Embleton,Vinson,Lauer,Jorey,Kiernan,Surbats,Gilfellon,Gabb,Gwyther,Bray,Wainwright,Hextall,Bloye,Bellwood,Littleton,Trueman,Burnston,Stinnard,Child,Sampayo,Seagur,Margetts,Leightley,Chappel,Stanaway,Berton,Hows,Wotton,Gauge,Boothroyd,Pim,Burchett,Christie,Punyard,Wace,Mullinger,Hincks,Pymer,Moorfield,Dhoerty,Sleigh,Sugar,Gilbart,Broderick,Onillon,Walley,Stillwell,Chalke,Chatterson,Goldspink,Chilcott,Warhurst,Rands,Bourke,Hardstaff,Winterflood,Goodacre,Harker,Durie,Benny,Carioli
Littleton,Timmings,Allmond,Boothroyd,Dhoerty,Hallett,Sympson,Cuckson,Wardell,Gwyther,Harker,Christie,Broderick,Bourke,Trueman,Burnston,Kings,Child,Leightley,Jorey,Sugar,Surbats,Gabb,Bray,Goldspink,Wace,Clavering,Bendals,Sampayo,Gubbins,Kneller,Tackley,Berton,Quinton,Stinnard,Stanaway,Walley,Smeeton,Hows,Kiernan,Hardstaff,Pibbles,Onillon,Sidey,Hartam,Pim,Bloye,Housley,Gilbart,Ching,Punyard,Cummings,Margetts,Mobbs,Chilcott,Bellwood,Seagur,Broughton,Gauge,Sleigh,Gilfellon,Pymer,Lead,Chalke,Warhurst,Winterflood,Follows,Wainwright,Conlin,Lanigan,Hincks,Boulding,Birchell,Chappel,Merrills,Embleton,Burchett,Weyman,Chatterson,Samuels,Moorfield,Newton,Rands,Benny,Jeanes,Fillingham,Hextall,Mollyneux,Batten,Wotton,Vinson,Durie,Stillwell,Jude,Lauer,Goodacre,Selden,Atfield
Chalke,Timmings,Littleton,Merrills,Gilfellon,Conlin,Mollyneux,Pymer,Gabb,Gwyther,Ching,Moorfield,Selden,Quinton,Pibbles,Onillon,Walley,Winterflood,Carioli,Cuckson,Lead,Chilcott,Christie,Gauge,Pim,Batten,Lanigan,Embleton,Wardell,Jorey,Broderick,Smeeton,Sugar,Follows,Margetts,Kneller,Seagur,Hincks,Durie
Durie,Timmings,Littleton,Sampayo,Boulding,Boothroyd,Dhoerty,Hartam,Sleigh,Embleton,Kings,Chalke,Carioli,Chatterson,Hallett,Mollyneux,Stillwell,Kneller,Selden,Goldspink,Cummings,Pibbles,Moorfield,Bourke,Conlin,Walley,Burchett,Housley,Wace,Bray,Atfield,Jorey,Leightley,Merrills,Mobbs,Broderick,Gwyther,Trueman,Winterflood,Seagur,Hows,Child,Onillon,Mullinger,Christie,Quinton,Gauge,Sidey,Birchell,Margetts,Wotton,Clavering
Goldspink,Timmings,Littleton,Durie,Cummings,Conlin,Rands,Surbats,Bendals,Margetts,Kneller,Pim,Hincks,Broughton,Pymer,Gilbart,Fillingham,Chatterson,Jorey,Selden,Sleigh,Broderick,Embleton,Chilcott,Wotton,Sympson,Burnston,Wace,Hartam,Harker,Boulding,Bray,Moorfield,Burchett,Stanaway,Berton,Tackley,Warhurst,Atfield,Sugar,Hows,Wardell,Gauge,Child,Merrills,Sampayo,Stinnard,Carioli,Allmond,Birchell,Seagur,Weyman,Winterflood,Lead,Kiernan,Kings,Stillwell,Bellwood,Dhoerty,Lauer,Lanigan,Vinson,Newton,Mollyneux,Follows,Housley,Goodacre,Hardstaff,Clavering,Punyard,Bourke,Ching,Quinton,Batten,Hextall,Jude,Boothroyd
Boulding,Timmings,Littleton,Durie,Goldspink,Burnston,Mobbs,Samuels,Housley,Margetts,Winterflood,Seagur,Weyman,Vinson,Christie,Gilfellon,Rands,Chilcott,Lauer,Follows,Sampayo,Dhoerty,Hardstaff,Kneller,Leightley,Lead,Sidey,Gabb,Wace,Gubbins,Newton,Chatterson,Cummings,Wotton,Jeanes,Stinnard,Quinton,Kiernan,Birchell,Mollyneux,Wardell,Goodacre,Child,Gwyther,Sympson,Conlin,Tackley,Hallett,Pim,Benny,Ching,Jorey,Stillwell,Bloye,Carioli,Hartam,Punyard,Walley,Pibbles,Broderick,Jude,Sleigh,Fillingham,Batten,Sugar,Lanigan,Clavering,Bourke,Wainwright,Harker,Allmond,Embleton,Broughton,Cuckson,Merrills,Boothroyd,Hextall,Gilbart,Hincks,Warhurst,Smeeton,Atfield,Gauge,Moorfield,Onillon,Pymer,Mullinger,Surbats,Bray,Hows,Kings,Berton,Stanaway,Trueman,Bellwood,Selden,Chappel
Kiernan,Timmings,Littleton,Goldspink,Boulding,Bourke,Burnston,Lead,Stanaway,Tackley,Gubbins,Stillwell,Gilfellon,Stinnard,Seagur,Kneller,Bloye,Trueman,Dhoerty,Sympson,Wace,Cummings,Harker,Gwyther,Moorfield,Jude,Mobbs,Sampayo,Berton,Merrills,Wotton,Gauge
Clavering,Timmings,Littleton,Goldspink,Boulding,Embleton,Kneller,Bray,Burnston,Benny,Onillon,Wardell,Cuckson,Durie,Punyard,Atfield,Gabb,Gubbins,Chilcott,Tackley,Mullinger,Kings,Sympson,Broderick,Bellwood,Gwyther,Gilfellon,Samuels,Warhurst,Pymer,Moorfield,Weyman,Allmond,Rands,Bloye,Hincks,Quinton,Lanigan,Smeeton,Mobbs,Bendals,Berton,Jude,Harker,Surbats,Sleigh,Seagur,Child,Selden,Trueman,Hows,Hallett,Jorey,Hardstaff,Newton,Ching,Gauge,Stinnard,Burchett,Boothroyd,Dhoerty,Hextall,Carioli
Wotton,Timmings,Littleton,Durie,Goldspink,Boulding,Kiernan,Newton,Gabb,Cuckson,Trueman,Bendals,Quinton,Stinnard,Hardstaff,Gubbins,Wace,Gwyther,Hartam,Stanaway,Mullinger,Sugar,Sympson,Burchett,Sleigh,Hallett,Margetts,Moorfield,Bray,Berton,Gauge
Gauge,Timmings,Littleton,Chalke,Durie,Goldspink,Boulding,Clavering,Ching,Wardell,Mollyneux,Broughton,Wainwright,Gabb,Jeanes,Bellwood,Chatterson,Cummings,Mobbs,Trueman,Weyman,Christie,Smeeton,Sleigh,Gilfellon,Boothroyd,Berton,Kiernan,Seagur,Bourke,Leightley,Jude,Walley,Merrills,Wotton,Gilbart,Samuels,Stanaway,Fillingham,Stinnard,Pymer,Housley,Margetts,Burchett,Chappel,Gwyther,Tackley,Hincks,Benny,Hartam,Onillon,Dhoerty,Bloye,Child,Newton,Allmond,Batten,Jorey,Lauer,Stillwell,Hallett,Moorfield,Lead,Cuckson,Bray,Harker,Selden,Sugar,Quinton,Chilcott,Atfield,Sympson,Sidey,Hows,Sampayo,Wace,Hardstaff,Kneller,Bendals,Mullinger,Kings,Vinson,Birchell,Carioli,Goodacre,Lanigan,Pibbles,Pim,Broderick,Gubbins
Onillon,Timmings,Littleton,Chalke,Durie,Boulding,Clavering,Gauge,Punyard,Mullinger,Samuels,Ching,Sidey,Pibbles,Kings,Mobbs,Wardell,Lanigan,Quinton,Smeeton,Jeanes,Dhoerty,Gubbins,Sympson,Housley,Tackley,Hincks,Newton,Hardstaff,Fillingham,Gilbart,Burchett,Walley,Gabb,Weyman,Warhurst,Vinson,Gilfellon,Chappel,Pymer,Atfield,Selden,Hallett,Hextall,Merrills
Bellwood,Timmings,Littleton,Goldspink,Boulding,Clavering,Gauge,Punyard,Jeanes,Gilfellon,Margetts,Tackley,Gwyther,Housley,Newton,Chilcott,Allmond,Birchell,Lanigan,Warhurst,Broughton,Gabb,Stinnard,Stanaway,Benny,Moorfield,Gilbart,Fillingham,Chappel,Wardell,Cummings,Quinton,Vinson,Boothroyd,Pibbles,Goodacre,Child,Hartam,Trueman,Bray,Rands,Jorey,Burnston,Gubbins,Sympson,Hows,Hincks,Jude,Stillwell,Dhoerty,Mobbs,Smeeton,Kings,Merrills,Berton,Bendals,Broderick,Kneller,Burchett,Samuels,Sleigh,Sampayo,Christie,Bloye,Hardstaff
Jude,Timmings,Littleton,Boulding,Kiernan,Clavering,Gauge,Bellwood,Kneller,Leightley,Gilbart,Chilcott,Bourke,Pim,Gabb,Chatterson,Gwyther,Quinton,Lauer,Walley,Benny,Batten,Broughton,Wainwright,Punyard,Hardstaff,Wardell,Mollyneux,Pymer,Smeeton,Sympson,Burnston,Chappel,Rands,Dhoerty,Ching,Birchell,Housley,Burchett,Surbats,Child,Goldspink,Margetts,Selden,Broderick,Vinson,Seagur,Hextall,Berton,Sidey,Bray,Lead,Sampayo,Hartam,Goodacre,Carioli,Cuckson,Bendals,Bloye,Wace,Moorfield,Boothroyd,Stanaway,Gilfellon,Newton,Stinnard,Christie,Mobbs,Hincks,Cummings,Jeanes,Samuels,Hows,Kings,Gubbins
Kneller,Timmings,Littleton,Chalke,Durie,Goldspink,Boulding,Kiernan,Clavering,Gauge,Jude,Newton,Quinton,Mobbs,Kings,Child,Bloye,Pymer,Cummings,Weyman,Sampayo,Follows,Rands,Gubbins,Gwyther,Bendals,Broughton,Chatterson,Vinson,Stillwell,Selden,Harker,Burnston,Bellwood,Walley,Conlin,Trueman,Pibbles,Sugar,Carioli,Stinnard,Allmond,Dhoerty,Housley,Sympson,Hextall,Merrills,Hows,Punyard,Bourke,Gilfellon,Atfield,Hincks,Surbats,Lead,Sleigh,Mollyneux,Boothroyd,Leightley,Ching,Wainwright,Samuels,Benny,Birchell,Batten,Smeeton,Bray,Goodacre,Jeanes,Chilcott,Hardstaff,Hartam,Lauer
Jeanes,Timmings,Littleton,Boulding,Gauge,Onillon,Bellwood,Trueman,Walley,Seagur,Chappel,Child,Dhoerty,Warhurst,Gabb,Kneller,Punyard,Wace,Embleton,Christie,Pymer,Jude,Lanigan,Mollyneux,Mobbs,Bloye,Fillingham,Stinnard,Chilcott,Housley,Conlin,Broughton,Benny,Kings,Sympson,Bendals,Margetts,Wardell,Samuels,Selden,Vinson,Ching
Burchett,Timmings,Littleton,Durie,Goldspink,Clavering,Wotton,Gauge,Onillon,Jude,Chilcott,Boothroyd,Mullinger,Chappel,Surbats,Selden,Cummings,Lauer,Sympson,Lead,Bellwood,Goodacre,Samuels,Mobbs,Bourke,Carioli,Birchell,Bendals,Wainwright,Gilbart,Walley,Stinnard,Ching,Quinton,Bray,Wardell,Sugar,Cuckson,Margetts,Hardstaff,Broderick,Chatterson,Pymer,Embleton,Merrills,Stanaway,Leightley,Mollyneux,Harker,Sleigh,Hallett,Follows,Moorfield,Newton,Lanigan,Punyard,Gilfellon,Vinson,Pibbles
Hextall,Timmings,Littleton,Goldspink,Boulding,Jude,Kneller,Weyman,Dhoerty,Smeeton,Wainwright,Clavering,Gilbart,Chatterson,Conlin,Sympson,Samuels,Embleton,Pim,Benny,Onillon,Follows,Quinton,Hincks,Sidey,Gubbins,Housley,Bray,Trueman,Goodacre,Walley,Burnston,Punyard,Hows,Lanigan,Birchell,Chappel,Gilfellon,Warhurst,Margetts,Bourke,Ching,Newton,Mobbs,Gabb,Gwyther,Pibbles,Lead,Selden,Child,Atfield,Chilcott,Broughton,Cummings,Winterflood,Stillwell,Hallett,Sleigh,Wardell,Wace,Moorfield,Sugar,Boothroyd,Seagur,Broderick,Christie,Batten,Sampayo,Tackley,Leightley,Merrills,Jorey,Vinson,Stinnard,Bloye,Hardstaff,Hartam,Lauer,Allmond
Merrills,Timmings,Littleton,Chalke,Durie,Goldspink,Boulding,Kiernan,Gauge,Bellwood,Kneller,Burchett,Bourke,Mollyneux,Gilbart,Walley,Rands,Lanigan,Seagur,Bendals,Fillingham,Gwyther,Punyard,Gubbins,Surbats,Harker,Jorey,Warhurst,Bloye,Goodacre,Selden,Boothroyd,Wainwright,Tackley,Benny,Mobbs,Sidey,Broughton,Leightley,Onillon,Hextall,Chilcott,Margetts,Newton,Mullinger,Gabb,Stillwell,Carioli,Quinton,Chappel,Hallett,Smeeton,Broderick,Conlin,Gilfellon,Samuels,Vinson,Sleigh,Pibbles,Hardstaff,Cummings,Hincks,Atfield
Lanigan,Timmings,Littleton,Chalke,Goldspink,Boulding,Clavering,Onillon,Bellwood,Jeanes,Hextall,Merrills,Burchett,Boothroyd,Chatterson,Hallett,Conlin,Ching,Harker,Pymer,Hardstaff,Cummings,Quinton,Fillingham,Gilfellon,Birchell,Punyard,Pim,Weyman,Chappel,Newton,Kings,Seagur,Trueman,Housley,Gwyther,Wace,Chilcott,Leightley,Winterflood,Selden,Gauge,Wardell,Sidey,Margetts,Follows,Lead,Bray,Burnston,Mobbs,Goodacre,Bourke,Christie,Jorey,Samuels,Sleigh,Pibbles,Sampayo,Bloye,Hincks
Margetts,Timmings,Littleton,Chalke,Durie,Goldspink,Boulding,Wotton,Gauge,Bellwood,Jude,Burchett,Hextall,Merrills,Lanigan,Cummings,Trueman,Chappel,Punyard,Leightley,Broderick,Wace,Lead,Broughton,Allmond,Chatterson,Jeanes,Gilfellon,Gwyther,Bourke,Chilcott,Wardell,Carioli
Punyard,Timmings,Littleton,Goldspink,Boulding,Clavering,Onillon,Bellwood,Jude,Kneller,Jeanes,Hextall,Merrills,Lanigan,Margetts,Bourke,Carioli,Newton,Quinton,Gilbart,Sugar,Wainwright,Bloye,Winterflood,Rands,Berton,Burnston,Burchett,Broderick,Kings,Wardell,Benny,Stillwell,Cummings,Selden,Hows,Hardstaff,Walley,Seagur,Sampayo,Trueman,Cuckson,Chatterson,Tackley,Gubbins,Sleigh,Christie,Atfield,Chappel,Follows,Wace,Dhoerty,Chilcott,Warhurst,Pymer,Allmond,Bendals,Conlin,Hallett,Stinnard,Surbats,Sidey,Lead,Ching,Broughton,Gwyther,Jorey,Samuels,Boothroyd,Pibbles,Mobbs,Sympson,Mollyneux,Child,Moorfield,Weyman
Bourke,Timmings,Littleton,Durie,Goldspink,Boulding,Kiernan,Gauge,Jude,Kneller,Burchett,Hextall,Merrills,Lanigan,Punyard,Pymer,Bendals,Benny,Rands,Hows,Samuels,Sleigh,Hincks,Margetts,Tackley,Boothroyd,Jorey,Selden,Gilbart,Hardstaff,Sidey,Berton,Housley,Wainwright,Wardell,Chilcott,Gilfellon,Vinson,Birchell
Follows,Timmings,Littleton,Chalke,Goldspink,Boulding,Kneller,Burchett,Hextall,Lanigan,Punyard,Sampayo,Bloye,Chilcott
Chilcott,Timmings,Littleton,Chalke,Goldspink,Boulding,Clavering,Gauge,Bellwood,Jude,Jeanes,Burchett,Hextall,Merrills,Lanigan,Punyard,Seagur,Samuels,Stillwell,Ching,Sleigh,Trueman,Sympson,Boothroyd,Bourke,Quinton,Cuckson,Weyman,Goodacre,Rands,Gabb,Kings,Vinson,Kneller,Birchell,Wace,Cummings,Winterflood,Dhoerty,Walley,Hallett,Carioli,Gubbins,Margetts,Gwyther,Mollyneux,Sidey,Burnston,Gilfellon,Pymer,Newton,Bloye,Fillingham,Moorfield,Hincks,Surbats,Broughton,Lauer,Sugar,Hartam,Mullinger,Christie,Gilbart,Stinnard,Batten,Atfield,Pibbles,Berton,Leightley,Bendals,Mobbs,Tackley,Follows,Conlin,Warhurst,Lead,Bray,Jorey,Selden,Sampayo,Hardstaff,Hows,Child,Allmond
Wardell,Timmings,Littleton,Chalke,Goldspink,Boulding,Clavering,Gauge,Onillon,Bellwood,Jude,Burchett,Hextall,Lanigan,Punyard,Bourke,Gilbart,Hardstaff,Bloye,Winterflood,Selden,Stillwell,Jeanes,Cummings,Chappel,Sleigh,Margetts,Child,Carioli,Gilfellon,Jorey,Vinson,Birchell,Pibbles
Carioli,Chalke,Durie,Goldspink,Boulding,Gauge,Jude,Kneller,Burchett,Merrills,Punyard,Chilcott,Hardstaff,Stillwell,Gubbins,Winterflood,Boothroyd,Pibbles,Broderick,Gabb,Gilbart,Newton,Berton,Cuckson,Bray,Sleigh,Mollyneux,Cummings,Allmond,Seagur,Hincks,Bloye,Walley,Selden,Margetts,Atfield,Pymer,Wardell,Leightley,Sampayo,Rands,Moorfield,Chappel,Lead,Ching,Warhurst,Samuels,Sugar,Birchell,Dhoerty,Surbats,Conlin,Christie,Stinnard,Timmings,Clavering,Jorey,Pim,Gilfellon,Vinson,Hartam,Mobbs,Child,Burnston,Weyman
Walley,Timmings,Littleton,Chalke,Durie,Boulding,Gauge,Onillon,Jude,Kneller,Jeanes,Burchett,Hextall,Merrills,Punyard,Chilcott,Carioli,Stillwell,Wainwright,Sympson,Birchell,Batten,Wace,Hows,Gwyther,Benny,Pibbles,Cuckson,Berton,Gubbins,Warhurst,Newton,Surbats,Jorey,Bray,Mullinger,Bloye,Dhoerty,Samuels,Gilfellon,Vinson,Sleigh,Sampayo,Stinnard,Hardstaff,Hartam,Atfield,Pim,Child,Broderick,Burnston
Gilfellon,Timmings,Littleton,Chalke,Boulding,Kiernan,Clavering,Gauge,Onillon,Bellwood,Jude,Kneller,Hextall,Lanigan,Margetts,Chilcott,Tackley,Gilbart,Broughton,Broderick,Carioli,Walley,Child,Ching,Boothroyd,Wardell,Cuckson,Sampayo,Hincks,Atfield,Gubbins,Bloye,Allmond,Harker,Weyman,Bourke,Gwyther,Samuels,Bendals,Christie,Sugar,Rands,Pim,Goodacre,Gabb,Merrills,Sleigh,Mollyneux,Kings,Newton,Mullinger,Winterflood,Surbats,Burnston,Berton,Quinton,Selden,Wainwright,Chappel,Vinson,Dhoerty,Bray,Warhurst,Conlin,Burchett,Lead,Jorey,Birchell,Pibbles,Stinnard,Hardstaff,Hartam,Mobbs,Wace,Hows,Moorfield,Stillwell
Broughton,Timmings,Littleton,Goldspink,Boulding,Gauge,Bellwood,Jude,Kneller,Jeanes,Hextall,Merrills,Margetts,Punyard,Chilcott,Gilfellon,Cummings,Rands
Smeeton,Timmings,Littleton,Chalke,Boulding,Clavering,Gauge,Onillon,Bellwood,Jude,Kneller,Hextall,Merrills
Jorey,Timmings,Littleton,Chalke,Durie,Goldspink,Boulding,Clavering,Gauge,Bellwood,Merrills,Bourke,Carioli,Walley,Goodacre,Christie,Hallett,Gwyther,Gilfellon,Lanigan,Sampayo,Pymer,Punyard,Allmond,Chilcott,Trueman,Warhurst,Quinton,Benny,Child,Hextall,Sleigh,Boothroyd,Wardell,Bendals,Tackley,Ching,Mollyneux,Cuckson,Weyman,Samuels,Vinson,Lead,Pibbles,Hartam,Newton,Mobbs,Berton,Broderick,Moorfield,Burnston,Kings
Samuels,Timmings,Littleton,Boulding,Clavering,Gauge,Onillon,Kneller,Burchett,Hextall,Bourke,Chilcott,Carioli,Walley,Gilfellon,Burnston,Selden,Ching,Gilbart,Dhoerty,Gubbins,Trueman,Chatterson,Stinnard,Berton,Sidey,Merrills,Punyard,Lauer,Jorey,Wace,Surbats,Newton,Sampayo,Hincks,Hows,Stillwell,Bellwood,Benny,Harker,Lanigan,Tackley,Chappel,Gwyther,Hartam,Jude,Broderick,Atfield,Pibbles,Jeanes,Hallett,Bendals,Bray,Winterflood,Mollyneux,Sleigh,Hardstaff,Boothroyd,Birchell,Bloye,Mobbs,Wainwright,Child,Kings,Weyman,Allmond
Stanaway,Timmings,Littleton,Goldspink,Boulding,Kiernan,Wotton,Gauge,Bellwood,Jude,Burchett
Selden,Timmings,Littleton,Chalke,Durie,Goldspink,Clavering,Gauge,Onillon,Jude,Kneller,Burchett,Hextall,Merrills,Lanigan,Punyard,Bourke,Wardell,Carioli,Gilfellon,Samuels,Sleigh,Gilbart,Hartam,Gabb,Pibbles,Jeanes,Chilcott,Seagur,Winterflood,Moorfield,Boothroyd,Warhurst,Tackley,Pim,Newton,Pymer,Benny,Wace,Boulding,Wainwright,Sympson,Gubbins,Vinson,Ching,Bray,Birchell,Batten,Bloye,Sugar,Cummings,Chatterson,Bendals,Sidey,Goodacre,Mollyneux,Lauer,Quinton,Sampayo,Stinnard,Trueman,Burnston,Christie,Stillwell,Atfield,Rands,Allmond,Mullinger,Child,Gwyther,Hardstaff,Mobbs,Hows,Kings,Weyman
Vinson,Timmings,Littleton,Goldspink,Boulding,Gauge,Onillon,Bellwood,Jude,Kneller,Chilcott,Gilfellon,Selden,Hincks,Kings,Burnston,Sleigh,Winterflood,Bourke,Gabb,Gilbart,Burchett,Jeanes,Wace,Goodacre,Seagur,Pim,Gubbins,Carioli,Mollyneux,Wainwright,Cuckson,Sidey,Ching,Quinton,Surbats,Christie,Sampayo,Benny,Rands,Wardell,Moorfield,Jorey,Stinnard,Mullinger,Berton,Walley,Hardstaff,Pymer,Tackley,Hallett,Mobbs,Pibbles,Bloye,Hextall,Merrills,Sympson,Birchell,Lead,Atfield,Weyman,Stillwell,Bendals,Allmond,Chappel
Conlin,Timmings,Littleton,Chalke,Durie,Goldspink,Boulding,Kneller,Jeanes,Hextall,Merrills,Lanigan,Punyard,Chilcott,Carioli,Gilfellon
Hallett,Timmings,Littleton,Durie,Boulding,Clavering,Wotton,Gauge,Onillon,Burchett,Hextall,Merrills,Lanigan,Punyard,Chilcott,Jorey,Samuels,Vinson,Stinnard,Rands,Harker,Chatterson,Hincks,Kings,Trueman,Child,Lead,Bloye,Hardstaff,Dhoerty,Mobbs
Boothroyd,Timmings,Littleton,Durie,Boulding,Clavering,Gauge,Bellwood,Jude,Kneller,Burchett,Hextall,Merrills,Lanigan,Bourke,Chilcott,Carioli,Gilfellon,Jorey,Selden,Weyman,Pibbles,Samuels,Stinnard,Punyard,Sampayo,Goldspink,Burnston,Bray,Rands,Trueman,Bloye,Surbats,Gwyther,Pymer,Cummings,Lead,Hardstaff,Newton,Mobbs,Atfield,Benny,Hows
Sleigh,Timmings,Littleton,Durie,Goldspink,Boulding,Clavering,Wotton,Gauge,Kneller,Burchett,Hextall,Punyard,Bourke,Chilcott,Wardell,Carioli,Gilfellon,Jorey,Samuels,Selden,Vinson,Merrills,Berton,Ching,Bloye,Gwyther,Bellwood,Chatterson,Lanigan,Stinnard,Sympson,Walley,Weyman,Burnston,Pibbles,Sampayo,Christie,Mobbs,Wainwright,Wace
Ching,Timmings,Littleton,Chalke,Goldspink,Boulding,Clavering,Gauge,Onillon,Jude,Kneller,Burchett,Hextall,Lanigan,Punyard,Chilcott,Carioli,Gilfellon,Jorey,Samuels,Selden,Vinson,Sleigh,Chappel,Cummings,Weyman,Bendals,Jeanes,Stinnard,Atfield,Burnston,Sugar,Birchell,Lead,Sampayo,Bloye,Hartam,Mobbs
Birchell,Timmings,Littleton,Durie,Goldspink,Boulding,Gauge,Bellwood,Jude,Kneller,Burchett,Hextall,Lanigan,Chilcott,Carioli,Walley,Selden,Vinson,Hincks,Pibbles,Pim,Quinton,Wardell,Sampayo,Dhoerty,Benny,Mullinger,Trueman,Mollyneux,Sugar,Harker,Samuels,Kings,Ching,Burnston,Christie,Gabb,Cummings,Stillwell,Gilfellon,Wace,Seagur,Bourke,Goodacre,Bloye,Berton,Wainwright,Batten,Lead,Stinnard,Hardstaff,Hartam,Newton,Lauer,Mobbs,Atfield,Hows,Sympson,Child,Broderick,Moorfield,Weyman,Gilbart,Bendals,Allmond
Lead,Timmings,Littleton,Chalke,Goldspink,Boulding,Kiernan,Gauge,Jude,Kneller,Burchett,Hextall,Lanigan,Margetts,Punyard,Chilcott,Carioli,Gilfellon,Hallett,Sympson,Chappel,Quinton,Cummings,Wainwright,Tackley,Stillwell,Hardstaff,Hincks,Bray,Benny,Sidey,Birchell,Seagur,Vinson,Allmond,Harker,Batten,Jorey,Burnston,Ching,Boothroyd,Pibbles,Hartam,Mobbs,Berton,Wace,Trueman,Hows,Mollyneux,Broderick,Kings,Gilbart,Bendals
Pibbles,Timmings,Littleton,Chalke,Durie,Boulding,Onillon,Bellwood,Kneller,Hextall,Chilcott,Carioli,Walley,Samuels,Selden,Vinson,Boothroyd,Birchell,Hows,Burnston,Sugar,Sympson,Bendals,Gilfellon,Moorfield,Mollyneux,Surbats,Gilbart,Punyard,Stillwell,Child,Benny,Lead,Burchett,Broderick,Weyman,Kings,Tackley,Wainwright,Gauge,Merrills,Sleigh,Gubbins,Rands,Allmond,Wardell,Trueman,Pymer,Lauer,Sidey,Lanigan,Pim,Jorey,Stinnard,Christie,Hardstaff,Hartam,Dhoerty,Newton,Mobbs,Berton,Wace,Mullinger
Leightley,Timmings,Littleton,Durie,Boulding,Gauge,Jude,Kneller,Burchett,Hextall,Merrills,Lanigan,Margetts,Chilcott,Carioli
Embleton,Timmings,Littleton,Chalke,Durie,Goldspink,Boulding,Clavering,Jeanes,Burchett,Hextall
Sampayo,Timmings,Littleton,Durie,Goldspink,Boulding,Kiernan,Gauge,Jude,Kneller,Hextall,Punyard,Follows,Carioli,Gilfellon,Jorey,Samuels,Selden,Vinson,Boothroyd,Birchell,Cummings,Chappel,Stillwell,Dhoerty,Chilcott,Harker,Berton,Stinnard,Hows,Walley,Bloye,Sugar,Bellwood,Mobbs,Pymer,Winterflood,Chatterson,Wainwright,Gabb,Mullinger,Trueman,Allmond,Surbats,Lanigan,Newton,Gubbins,Rands,Gilbart,Hartam,Bray,Seagur,Mollyneux,Benny,Atfield,Sleigh,Christie,Tackley,Gwyther,Ching,Burnston,Hardstaff,Hincks,Lauer,Wace,Broderick,Moorfield,Weyman
Stinnard,Timmings,Littleton,Goldspink,Boulding,Kiernan,Clavering,Wotton,Gauge,Bellwood,Jude,Kneller,Jeanes,Burchett,Punyard,Chilcott,Carioli,Samuels,Selden,Vinson,Hallett,Boothroyd,Sleigh,Ching,Sampayo,Hartam,Rands,Gilfellon,Chatterson,Child,Sidey,Lauer,Dhoerty,Berton,Weyman,Pim,Trueman,Atfield,Kings,Birchell,Sympson,Broderick,Gubbins,Stillwell,Christie,Cuckson,Cummings,Gilbart,Chappel,Pymer,Sugar,Allmond,Harker,Mobbs,Wace,Pibbles,Moorfield,Hextall,Walley,Benny,Winterflood,Hardstaff,Hows,Mollyneux,Burnston,Mullinger
Christie,Timmings,Littleton,Chalke,Durie,Boulding,Gauge,Jude,Jeanes,Hextall,Lanigan,Punyard,Chilcott,Carioli,Gilfellon,Jorey,Selden,Vinson,Birchell,Sampayo,Stinnard,Cuckson,Hows,Wainwright,Cummings,Goodacre,Mobbs,Tackley,Pibbles,Broderick,Gwyther,Stillwell,Moorfield,Benny,Kings,Atfield,Bellwood,Seagur,Mullinger,Weyman,Sleigh,Bendals,Mollyneux,Bloye,Hartam,Hincks,Dhoerty,Newton,Berton,Wace,Sympson,Burnston,Gabb,Allmond
Bloye,Timmings,Littleton,Boulding,Kiernan,Clavering,Gauge,Jude,Kneller,Jeanes,Merrills,Punyard,Follows,Chilcott,Wardell,Carioli,Walley,Gilfellon,Selden,Vinson,Boothroyd,Sleigh,Birchell,Sampayo,Mollyneux,Hextall,Berton,Wace,Cuckson,Allmond,Lauer,Christie,Atfield,Bray,Gilbart,Sidey,Newton,Chappel,Surbats,Benny,Bellwood,Mobbs,Goodacre,Bendals,Stillwell,Lanigan,Hows,Mullinger,Weyman,Cummings,Ching,Broderick,Gubbins,Batten,Samuels,Tackley,Seagur,Winterflood,Hallett,Hardstaff,Hincks,Wainwright,Sympson,Moorfield,Kings
Quinton,Timmings,Littleton,Chalke,Durie,Goldspink,Boulding,Clavering,Wotton,Gauge,Onillon,Bellwood,Jude,Kneller,Burchett,Hextall,Merrills,Lanigan,Punyard,Chilcott,Gilfellon,Jorey,Selden,Vinson,Birchell,Lead
Hardstaff,Timmings,Littleton,Goldspink,Boulding,Clavering,Wotton,Gauge,Onillon,Jude,Burchett,Lanigan,Punyard,Bourke,Wardell,Carioli,Samuels,Vinson,Lead,Birchell,Gabb,Merrills,Hextall,Sugar,Pymer,Pim,Moorfield,Pibbles,Walley,Goodacre,Sampayo,Stillwell,Wainwright,Bloye,Burnston,Newton,Dhoerty,Gilfellon,Hallett,Hows,Cuckson,Kings,Seagur,Hincks,Berton,Chilcott,Chatterson,Benny,Trueman,Wace,Hartam,Bray,Stinnard,Gwyther,Selden,Kneller,Bellwood,Lauer,Cummings,Boothroyd,Sidey,Broderick,Allmond,Mullinger
Cummings,Timmings,Littleton,Durie,Goldspink,Boulding,Kiernan,Gauge,Bellwood,Jude,Kneller,Burchett,Hextall,Lanigan,Margetts,Punyard,Chilcott,Wardell,Carioli,Broughton,Selden,Boothroyd,Ching,Birchell,Lead,Sampayo,Stinnard,Christie,Bloye,Hardstaff,Benny,Cuckson,Hincks,Merrills,Hartam,Newton,Lauer,Mobbs,Berton
Hartam,Littleton,Durie,Goldspink,Boulding,Wotton,Gauge,Bellwood,Jude,Chilcott,Samuels,Selden,Sampayo,Stinnard,Hardstaff,Carioli,Sugar,Mullinger,Berton,Chappel,Wace,Sympson,Pibbles,Stillwell,Hincks,Seagur,Cummings,Moorfield,Harker,Rands,Gabb,Walley,Chatterson,Kneller,Lead,Wainwright,Ching,Newton,Jorey,Atfield,Kings,Benny,Christie,Pymer,Bendals,Allmond,Mollyneux,Gwyther,Surbats,Cuckson,Birchell,Gubbins,Gilfellon,Bray,Batten,Hextall,Trueman,Gilbart,Weyman,Tackley,Winterflood,Hows,Mobbs,Pim,Burnston,Goodacre
Hincks,Timmings,Littleton,Chalke,Goldspink,Boulding,Clavering,Gauge,Onillon,Bellwood,Jude,Kneller,Hextall,Bourke,Chilcott,Carioli,Gilfellon,Samuels,Vinson,Hallett,Birchell,Lead,Hardstaff,Cummings,Hartam,Kings,Atfield,Chatterson,Gwyther,Pim,Berton,Bloye,Benny,Stillwell,Trueman,Chappel,Burnston,Sampayo,Gabb,Hows,Lanigan,Christie,Tackley,Harker,Merrills,Newton,Lauer,Mobbs,Wainwright,Wace,Sympson,Mollyneux,Broderick,Sugar,Weyman,Gubbins,Mullinger
Dhoerty,Timmings,Littleton,Durie,Goldspink,Boulding,Kiernan,Clavering,Gauge,Onillon,Bellwood,Jude,Kneller,Jeanes,Hextall,Punyard,Chilcott,Carioli,Walley,Gilfellon,Samuels,Birchell,Sampayo,Stinnard,Hardstaff,Pibbles,Child,Harker,Wainwright,Bendals,Gubbins,Hallett,Christie,Newton,Mobbs,Pim,Trueman,Sugar,Weyman
Newton,Timmings,Littleton,Goldspink,Boulding,Clavering,Wotton,Gauge,Onillon,Bellwood,Jude,Kneller,Burchett,Hextall,Merrills,Lanigan,Punyard,Chilcott,Carioli,Walley,Gilfellon,Samuels,Selden,Sampayo,Bloye,Hardstaff,Hartam,Burnston,Wace,Gilbart,Allmond,Gubbins,Berton,Boothroyd,Cummings,Broderick,Child,Chappel,Pibbles,Bray,Kings,Birchell,Lauer,Gwyther,Winterflood,Benny,Pymer,Hows,Trueman,Batten,Christie,Goodacre,Sugar,Jorey,Stillwell,Wainwright,Dhoerty,Seagur,Hincks,Rands,Weyman,Harker,Mobbs,Atfield,Sympson,Mollyneux
Housley,Timmings,Littleton,Durie,Goldspink,Boulding,Gauge,Onillon,Bellwood,Jude,Kneller,Jeanes,Hextall,Lanigan,Bourke
Fillingham,Timmings,Littleton,Goldspink,Boulding,Gauge,Onillon,Bellwood,Jeanes,Merrills,Lanigan,Chilcott
Lauer,Timmings,Littleton,Goldspink,Boulding,Gauge,Jude,Burchett,Chilcott,Samuels,Selden,Pibbles,Stinnard,Bloye,Hardstaff,Newton,Gabb,Rands,Sugar,Kneller,Hincks,Wainwright,Stillwell,Moorfield,Sampayo,Chatterson,Cummings,Bray,Birchell,Child,Tackley,Winterflood,Berton,Hextall,Mollyneux,Gubbins,Gwyther,Mobbs,Atfield,Broderick,Kings,Weyman,Gilbart,Mullinger
Gwyther,Timmings,Littleton,Chalke,Durie,Boulding,Kiernan,Clavering,Wotton,Gauge,Bellwood,Jude,Kneller,Hextall,Merrills,Lanigan,Margetts,Punyard,Chilcott,Walley,Gilfellon,Jorey,Samuels,Selden,Boothroyd,Sleigh,Sampayo,Christie,Hardstaff,Hartam,Hincks,Newton,Kings,Bray,Moorfield,Mullinger,Goodacre,Lauer,Mobbs,Atfield,Berton,Wace,Hows,Mollyneux,Broderick,Burnston
Harker,Timmings,Littleton,Goldspink,Boulding,Kiernan,Clavering,Gauge,Kneller,Burchett,Merrills,Lanigan,Gilfellon,Samuels,Hallett,Birchell,Lead,Sampayo,Stinnard,Hartam,Hincks,Dhoerty,Seagur,Newton,Mobbs,Berton
Mobbs,Timmings,Littleton,Durie,Boulding,Kiernan,Clavering,Gauge,Onillon,Bellwood,Jude,Kneller,Jeanes,Burchett,Hextall,Merrills,Lanigan,Chilcott,Vinson,Sampayo,Stinnard,Christie,Bloye,Allmond,Bendals,Chatterson,Gilfellon,Birchell,Hows,Carioli,Child,Winterflood,Trueman,Sympson,Dhoerty,Gwyther,Broderick,Surbats,Cuckson,Seagur,Hartam,Rands,Pymer,Chappel,Goodacre,Cummings,Harker,Gabb,Newton,Kings,Stillwell,Sleigh,Hallett,Ching,Pim,Punyard,Lauer,Tackley,Samuels,Boothroyd,Wace,Jorey,Pibbles,Selden,Lead,Berton,Gilbart,Hincks,Wainwright,Moorfield,Weyman,Gubbins,Mullinger
Atfield,Timmings,Durie,Goldspink,Boulding,Clavering,Gauge,Onillon,Kneller,Hextall,Punyard,Chilcott,Carioli,Gilfellon,Samuels,Selden,Ching,Sampayo,Stinnard,Christie,Bloye,Hartam,Hincks,Pymer,Trueman,Merrills,Weyman,Winterflood,Chatterson,Lauer,Surbats,Seagur,Gwyther,Walley,Hows,Birchell,Vinson,Gabb,Gubbins,Newton,Moorfield,Boothroyd,Littleton,Wainwright,Berton,Wace,Mollyneux,Broderick,Burnston,Stillwell,Gilbart,Allmond
Pim,Timmings,Littleton,Chalke,Goldspink,Boulding,Jude,Hextall,Lanigan,Carioli,Gilfellon,Selden,Vinson,Birchell,Pibbles,Stinnard,Hardstaff,Hincks,Mobbs,Tackley,Stillwell,Dhoerty,Hartam,Moorfield,Sympson,Sugar,Gauge,Walley,Pymer,Berton,Kings,Bendals,Wace,Mollyneux,Burnston,Weyman,Cuckson,Gubbins,Mullinger
Wainwright,Timmings,Littleton,Boulding,Gauge,Jude,Kneller,Burchett,Hextall,Merrills,Punyard,Bourke,Walley,Gilfellon,Selden,Vinson,Birchell,Lead,Pibbles,Sampayo,Christie,Hardstaff,Hartam,Dhoerty,Newton,Lauer,Bloye,Rands,Trueman,Kings,Sleigh,Seagur,Chatterson,Burnston,Broderick,Sugar,Samuels,Sympson,Surbats,Mollyneux,Pymer,Mobbs,Atfield,Winterflood,Tackley,Hincks,Wace,Gabb,Stillwell,Mullinger,Benny,Hows,Moorfield,Weyman,Gilbart,Bendals,Gubbins,Allmond
Benny,Timmings,Littleton,Boulding,Clavering,Gauge,Bellwood,Jude,Kneller,Jeanes,Hextall,Merrills,Punyard,Bourke,Walley,Jorey,Samuels,Selden,Vinson,Birchell,Lead,Pibbles,Sampayo,Stinnard,Christie,Bloye,Hardstaff,Cummings,Hartam,Hincks,Newton,Broderick,Wace,Boothroyd,Wainwright,Trueman,Seagur,Batten,Tackley,Berton,Burnston,Chappel,Sympson,Child,Moorfield,Stillwell,Gilbart,Gubbins,Gabb
Berton,Timmings,Littleton,Goldspink,Boulding,Kiernan,Clavering,Wotton,Gauge,Bellwood,Jude,Punyard,Bourke,Chilcott,Carioli,Walley,Gilfellon,Samuels,Vinson,Sleigh,Birchell,Sampayo,Stinnard,Bloye,Hardstaff,Hartam,Hincks,Newton,Lauer,Mobbs,Pim,Benny,Sympson,Christie,Harker,Broderick,Surbats,Atfield,Winterflood,Pibbles,Pymer,Lead,Goodacre,Gubbins,Weyman,Hows,Jorey,Cummings,Moorfield,Gilbart,Mollyneux,Gwyther,Burnston,Child,Stillwell,Bendals,Chappel
Wace,Timmings,Littleton,Durie,Goldspink,Boulding,Kiernan,Wotton,Gauge,Jude,Jeanes,Hextall,Lanigan,Margetts,Punyard,Chilcott,Walley,Samuels,Selden,Vinson,Birchell,Stinnard,Bloye,Hardstaff,Hartam,Newton,Mobbs,Wainwright,Benny,Goodacre,Gwyther,Weyman,Hincks,Gilfellon,Pim,Tackley,Pibbles,Broderick,Burnston,Winterflood,Pymer,Sampayo,Cuckson,Allmond,Trueman,Lead,Atfield,Stillwell,Kings,Chatterson,Christie,Sympson,Gubbins,Hows,Sleigh,Moorfield,Bendals,Gabb,Mollyneux
Trueman,Timmings,Littleton,Durie,Boulding,Kiernan,Clavering,Wotton,Gauge,Bellwood,Kneller,Jeanes,Hextall,Lanigan,Margetts,Punyard,Chilcott,Jorey,Samuels,Selden,Hallett,Boothroyd,Birchell,Pibbles,Sampayo,Stinnard,Hardstaff,Hartam,Hincks,Newton,Mobbs,Atfield,Wainwright,Benny,Wace,Tackley,Goodacre,Kings,Gubbins,Surbats,Seagur,Burnston,Batten,Chappel,Dhoerty,Cuckson,Moorfield,Lead,Hows,Mollyneux,Sugar,Weyman,Allmond
Hows,Timmings,Littleton,Durie,Goldspink,Boulding,Clavering,Gauge,Bellwood,Kneller,Hextall,Punyard,Bourke,Walley,Samuels,Pibbles,Sampayo,Christie,Bloye,Hardstaff,Hartam,Hincks,Newton,Mobbs,Atfield,Berton,Wace,Mollyneux,Cuckson,Gilbart,Trueman,Birchell,Gwyther,Winterflood,Burnston,Gubbins,Pymer,Stinnard,Chilcott,Batten,Chappel,Moorfield,Gilfellon,Lead,Broderick,Chatterson,Wainwright,Selden,Child,Jude,Weyman,Boothroyd,Seagur,Sugar,Sympson,Kings,Stillwell,Bendals,Goodacre,Mullinger
Sympson,Timmings,Littleton,Goldspink,Boulding,Kiernan,Clavering,Wotton,Gauge,Onillon,Bellwood,Jude,Kneller,Jeanes,Burchett,Hextall,Chilcott,Walley,Selden,Vinson,Sleigh,Lead,Pibbles,Stinnard,Hartam,Mobbs,Pim,Wainwright,Berton,Wace,Hows,Newton,Pymer,Stillwell,Bloye,Hincks,Mullinger,Allmond,Punyard,Birchell,Christie,Chappel,Winterflood,Benny,Gilbart,Burnston,Gabb,Bendals,Mollyneux,Child
Mollyneux,Timmings,Littleton,Chalke,Durie,Goldspink,Boulding,Gauge,Jude,Kneller,Jeanes,Burchett,Merrills,Chilcott,Carioli,Gilfellon,Jorey,Samuels,Selden,Vinson,Birchell,Pibbles,Sampayo,Christie,Bloye,Hartam,Lauer,Wainwright,Berton,Hows,Stinnard,Mullinger,Punyard,Atfield,Pim,Winterflood,Trueman,Gilbart,Broderick,Newton,Weyman,Hincks,Gubbins,Batten,Gwyther,Sympson,Cuckson,Wace,Lead,Sugar,Child,Stillwell,Allmond,Goodacre
Child,Timmings,Littleton,Durie,Goldspink,Boulding,Clavering,Gauge,Bellwood,Jude,Kneller,Jeanes,Hextall,Wardell,Gilfellon,Jorey,Selden,Hallett,Pibbles,Stinnard,Dhoerty,Newton,Lauer,Mobbs,Hows,Surbats,Batten,Allmond,Samuels,Seagur,Gilbart,Weyman,Burnston,Goodacre,Berton,Chappel,Birchell,Sympson,Chilcott,Punyard,Mullinger,Mollyneux,Carioli,Benny,Walley,Kings,Stillwell,Gubbins
Broderick,Timmings,Littleton,Chalke,Durie,Goldspink,Boulding,Clavering,Bellwood,Jude,Burchett,Hextall,Merrills,Margetts,Punyard,Carioli,Gilfellon,Samuels,Pibbles,Stinnard,Christie,Bloye,Newton,Mobbs,Wainwright,Benny,Berton,Wace,Hows,Mollyneux,Walley,Lead,Sampayo,Gabb,Gubbins,Birchell,Lauer,Bendals,Jorey,Hincks,Chappel,Atfield,Gwyther,Batten,Gauge,Hardstaff,Moorfield,Winterflood,Burnston,Kings,Weyman,Allmond
Moorfield,Timmings,Littleton,Chalke,Durie,Goldspink,Boulding,Kiernan,Clavering,Wotton,Gauge,Bellwood,Jude,Burchett,Hextall,Chilcott,Carioli,Selden,Vinson,Pibbles,Stinnard,Christie,Hardstaff,Hartam,Lauer,Gwyther,Atfield,Pim,Berton,Wace,Trueman,Hows,Broderick,Sugar,Sampayo,Mullinger,Gilbart,Chatterson,Batten,Mobbs,Stillwell,Seagur,Gilfellon,Gubbins,Allmond,Wainwright,Punyard,Weyman,Jorey,Benny,Birchell,Bloye,Kings,Cuckson,Chappel,Goodacre
Burnston,Timmings,Littleton,Goldspink,Boulding,Kiernan,Clavering,Bellwood,Jude,Kneller,Hextall,Lanigan,Punyard,Chilcott,Gilfellon,Samuels,Selden,Vinson,Boothroyd,Sleigh,Ching,Birchell,Lead,Pibbles,Sampayo,Hardstaff,Hincks,Newton,Wainwright,Benny,Berton,Wace,Trueman,Hows,Sympson,Child,Gilbart,Gabb,Pymer,Atfield,Kings,Gwyther,Chappel,Jorey,Hartam,Carioli,Weyman,Christie,Sugar,Winterflood,Pim,Stinnard,Allmond,Broderick,Surbats,Walley,Bendals,Goodacre
Sidey,Timmings,Littleton,Durie,Boulding,Gauge,Onillon,Jude,Hextall,Merrills,Lanigan,Punyard,Bourke,Chilcott,Samuels,Selden,Vinson,Lead,Pibbles,Stinnard,Bloye,Hardstaff
Bray,Timmings,Littleton,Durie,Goldspink,Boulding,Clavering,Wotton,Gauge,Bellwood,Jude,Kneller,Burchett,Hextall,Lanigan,Chilcott,Carioli,Walley,Gilfellon,Samuels,Selden,Boothroyd,Lead,Sampayo,Bloye,Hardstaff,Hartam,Newton,Lauer,Gwyther
Sugar,Timmings,Littleton,Chalke,Goldspink,Boulding,Wotton,Gauge,Kneller,Burchett,Hextall,Punyard,Chilcott,Carioli,Gilfellon,Selden,Ching,Birchell,Pibbles,Sampayo,Stinnard,Hardstaff,Hartam,Newton,Lauer,Pim,Wainwright,Hows,Mollyneux,Moorfield,Burnston,Weyman,Surbats,Dhoerty,Cuckson,Gilbart,Chatterson,Stillwell,Kings,Hincks,Trueman,Pymer,Allmond,Seagur,Goodacre,Mullinger
Surbats,Timmings,Littleton,Goldspink,Boulding,Clavering,Jude,Kneller,Burchett,Merrills,Punyard,Chilcott,Carioli,Walley,Gilfellon,Samuels,Vinson,Boothroyd,Pibbles,Sampayo,Bloye,Hartam,Mobbs,Atfield,Wainwright,Berton,Trueman,Child,Burnston,Sugar,Bendals
Kings,Timmings,Littleton,Durie,Goldspink,Boulding,Clavering,Gauge,Onillon,Bellwood,Kneller,Jeanes,Lanigan,Punyard,Chilcott,Gilfellon,Vinson,Hallett,Birchell,Pibbles,Stinnard,Christie,Hardstaff,Hartam,Hincks,Newton,Gwyther,Mobbs,Pim,Wainwright,Wace,Trueman,Hows,Burnston,Sugar,Selden,Moorfield,Weyman,Mullinger,Child,Seagur,Samuels,Lauer,Pymer,Allmond,Jude,Bloye,Gubbins,Winterflood,Jorey,Lead,Broderick,Stillwell,Chappel
Weyman,Timmings,Littleton,Goldspink,Boulding,Clavering,Gauge,Onillon,Kneller,Hextall,Lanigan,Chilcott,Gilfellon,Jorey,Boothroyd,Sleigh,Ching,Pibbles,Stinnard,Christie,Bloye,Hartam,Newton,Atfield,Berton,Wace,Hows,Mollyneux,Child,Moorfield,Burnston,Sugar,Kings,Samuels,Goodacre,Punyard,Selden,Dhoerty,Birchell,Chappel,Broderick,Seagur,Sampayo,Trueman,Hincks,Wainwright,Bendals,Carioli,Vinson,Mobbs,Pim,Lauer,Gubbins,Gilbart,Gabb,Allmond,Mullinger
Stillwell,Timmings,Littleton,Durie,Goldspink,Boulding,Kiernan,Gauge,Bellwood,Kneller,Hextall,Merrills,Punyard,Chilcott,Wardell,Carioli,Walley,Samuels,Selden,Birchell,Lead,Pibbles,Sampayo,Stinnard,Christie,Bloye,Hardstaff,Hartam,Hincks,Newton,Lauer,Mobbs,Pim,Wainwright,Wace,Sympson,Moorfield,Sugar,Pymer,Child,Bendals,Kings,Vinson,Gilfellon,Winterflood,Gubbins,Berton,Cuckson,Mollyneux,Hows,Gabb,Allmond,Goodacre,Benny,Chappel,Mullinger,Atfield
Pymer,Timmings,Littleton,Chalke,Goldspink,Boulding,Clavering,Gauge,Onillon,Jude,Kneller,Jeanes,Burchett,Lanigan,Punyard,Bourke,Chilcott,Carioli,Jorey,Selden,Vinson,Boothroyd,Pibbles,Sampayo,Stinnard,Hardstaff,Hartam,Newton,Mobbs,Atfield,Pim,Wainwright,Berton,Wace,Hows,Sympson,Burnston,Kings,Stillwell,Mullinger,Sugar,Chatterson,Gilbart,Gubbins
Winterflood,Timmings,Littleton,Chalke,Durie,Goldspink,Boulding,Hextall,Lanigan,Punyard,Chilcott,Wardell,Carioli,Gilfellon,Samuels,Selden,Vinson,Sampayo,Stinnard,Bloye,Hartam,Newton,Lauer,Mobbs,Atfield,Wainwright,Berton,Wace,Hows,Sympson,Mollyneux,Broderick,Burnston,Kings,Stillwell
Cuckson,Timmings,Littleton,Chalke,Boulding,Clavering,Wotton,Gauge,Jude,Burchett,Punyard,Chilcott,Carioli,Walley,Gilfellon,Jorey,Vinson,Stinnard,Christie,Bloye,Hardstaff,Cummings,Hartam,Mobbs,Wace,Trueman,Hows,Mollyneux,Sugar,Stillwell,Moorfield,Chatterson,Pim,Bendals
Gilbart,Timmings,Littleton,Goldspink,Boulding,Gauge,Onillon,Bellwood,Jude,Burchett,Hextall,Merrills,Punyard,Bourke,Chilcott,Wardell,Carioli,Gilfellon,Samuels,Selden,Vinson,Pibbles,Sampayo,Stinnard,Bloye,Hartam,Newton,Mobbs,Berton,Hows,Sympson,Mollyneux,Child,Moorfield,Burnston,Sugar,Lead,Birchell,Benny,Gabb,Chatterson,Lauer,Wainwright,Atfield,Goodacre,Seagur,Gubbins,Pymer,Weyman,Bendals
Warhurst,Timmings,Littleton,Goldspink,Boulding,Clavering,Onillon,Bellwood,Jeanes,Hextall,Merrills,Punyard,Chilcott,Carioli,Walley,Gilfellon,Jorey,Selden
Bendals,Timmings,Littleton,Goldspink,Clavering,Wotton,Gauge,Bellwood,Jude,Kneller,Jeanes,Burchett,Merrills,Punyard,Bourke,Chilcott,Gilfellon,Jorey,Samuels,Selden,Ching,Pibbles,Christie,Bloye,Hartam,Dhoerty,Mobbs,Pim,Wace,Sympson,Broderick,Surbats,Weyman,Stillwell,Wainwright,Birchell,Gabb,Lead,Goodacre,Vinson,Cuckson,Chatterson,Berton,Gilbart,Hows,Burnston,Gubbins
Batten,Littleton,Chalke,Goldspink,Boulding,Gauge,Jude,Kneller,Hextall,Chilcott,Walley,Selden,Birchell,Lead,Bloye,Hartam,Newton,Benny,Trueman,Hows,Mollyneux,Child,Broderick,Moorfield
Gubbins,Timmings,Littleton,Boulding,Kiernan,Clavering,Wotton,Onillon,Bellwood,Kneller,Hextall,Merrills,Punyard,Chilcott,Carioli,Walley,Gilfellon,Samuels,Selden,Vinson,Pibbles,Sampayo,Stinnard,Bloye,Hartam,Dhoerty,Newton,Lauer,Atfield,Berton,Wace,Trueman,Hows,Mollyneux,Broderick,Moorfield,Kings,Weyman,Stillwell,Gilbart,Mobbs,Jude,Gauge,Benny,Bendals,Hincks,Seagur,Child,Chatterson,Pymer,Allmond,Pim,Wainwright,Goodacre,Mullinger
Chatterson,Timmings,Littleton,Durie,Goldspink,Boulding,Gauge,Jude,Kneller,Burchett,Hextall,Lanigan,Margetts,Punyard,Samuels,Selden,Hallett,Sleigh,Sampayo,Stinnard,Hardstaff,Hartam,Hincks,Lauer,Mobbs,Atfield,Wainwright,Wace,Hows,Moorfield,Sugar,Pymer,Cuckson,Gilbart,Bendals,Gubbins
Tackley,Timmings,Littleton,Goldspink,Boulding,Kiernan,Clavering,Gauge,Onillon,Bellwood,Hextall,Merrills,Punyard,Bourke,Chilcott,Gilfellon,Jorey,Samuels,Selden,Vinson,Lead,Pibbles,Sampayo,Christie,Bloye,Hartam,Hincks,Lauer,Mobbs,Pim,Wainwright,Benny,Wace,Trueman
Rands,Timmings,Littleton,Goldspink,Boulding,Clavering,Bellwood,Jude,Kneller,Merrills,Punyard,Bourke,Chilcott,Carioli,Gilfellon,Broughton,Selden,Vinson,Hallett,Boothroyd,Pibbles,Sampayo,Stinnard,Hartam,Newton,Lauer,Mobbs,Wainwright
Gabb,Timmings,Littleton,Chalke,Boulding,Clavering,Wotton,Gauge,Onillon,Bellwood,Jude,Jeanes,Hextall,Merrills,Chilcott,Carioli,Gilfellon,Selden,Vinson,Birchell,Sampayo,Hardstaff,Hartam,Hincks,Lauer,Mobbs,Atfield,Wainwright,Wace,Sympson,Broderick,Burnston,Stillwell,Gilbart,Bendals,Christie,Weyman,Benny,Allmond
Allmond,Timmings,Littleton,Goldspink,Boulding,Clavering,Gauge,Bellwood,Kneller,Margetts,Punyard,Carioli,Gilfellon,Jorey,Selden,Lead,Pibbles,Sampayo,Stinnard,Bloye,Hartam,Newton,Mobbs,Wace,Sympson,Child,Moorfield,Burnston,Kings,Stillwell,Gubbins,Sugar,Wainwright,Gabb,Hardstaff,Mullinger,Chappel,Trueman,Samuels,Mollyneux,Hextall,Atfield,Goodacre,Chilcott,Weyman,Birchell,Vinson,Broderick,Christie
Chappel,Timmings,Littleton,Gauge,Onillon,Bellwood,Jude,Jeanes,Burchett,Hextall,Merrills,Lanigan,Margetts,Punyard,Wardell,Carioli,Gilfellon,Samuels,Ching,Lead,Sampayo,Stinnard,Bloye,Hartam,Hincks,Newton,Mobbs,Benny,Trueman,Hows,Sympson,Child,Broderick,Burnston,Weyman,Stillwell,Allmond,Kings,Berton,Vinson,Boulding,Moorfield
Seagur,Timmings,Littleton,Chalke,Durie,Goldspink,Boulding,Kiernan,Clavering,Gauge,Jude,Jeanes,Hextall,Merrills,Lanigan,Punyard,Chilcott,Carioli,Selden,Vinson,Birchell,Lead,Sampayo,Christie,Bloye,Hardstaff,Hartam,Newton,Harker,Mobbs,Atfield,Wainwright,Benny,Trueman,Hows,Child,Moorfield,Kings,Weyman,Gilbart,Gubbins,Sugar,Goodacre,Mullinger
Goodacre,Timmings,Littleton,Goldspink,Boulding,Gauge,Bellwood,Jude,Kneller,Burchett,Hextall,Merrills,Lanigan,Chilcott,Gilfellon,Jorey,Selden,Vinson,Birchell,Christie,Bloye,Hardstaff,Newton,Gwyther,Mobbs,Berton,Wace,Trueman,Child,Weyman,Stillwell,Gilbart,Bendals,Allmond,Sugar,Gubbins,Burnston,Hows,Hartam,Moorfield,Mullinger,Mollyneux,Seagur
Mullinger,Timmings,Durie,Boulding,Clavering,Wotton,Gauge,Onillon,Burchett,Merrills,Chilcott,Walley,Gilfellon,Selden,Vinson,Birchell,Sampayo,Christie,Bloye,Hartam,Gwyther,Wainwright,Sympson,Mollyneux,Child,Moorfield,Kings,Stillwell,Pymer,Allmond,Goodacre,Mobbs,Stinnard,Hincks,Weyman,Hows,Sugar,Pim,Hardstaff,Gubbins,Seagur,Lauer,Pibbles
